{"file_hashes":[{"block_hashes":["qhIgWxCHUM+foJeEYabYiB5OgNogqEbYJNpAadnJGEc="],"block_size":4096,"path":"_locales/af/messages.json"},{"block_hashes":["3fFoWaFfPrMzTWJBl1yjmIrD6vw9lkUqw6Sv02RMhVA="],"block_size":4096,"path":"_locales/be/messages.json"},{"block_hashes":["pIJmMpKpE7AqnN5GNcfJInC/PIcm/SdEddwsSQAZp8k="],"block_size":4096,"path":"_locales/cy/messages.json"},{"block_hashes":["pBZw1SQjumnHpl5+FT57mZTo3QNwxYS9oHFL1hxJxXg="],"block_size":4096,"path":"_locales/eu/messages.json"},{"block_hashes":["mJBxDfD78dtBvOQf4vYkJKO9OddV0p6Cl0TtPaDCzh0="],"block_size":4096,"path":"_locales/gl/messages.json"},{"block_hashes":["Cxbj+L2QSnZyhDRa6GoKmSfEev6J4F6isTrYAAm9+eQ="],"block_size":4096,"path":"_locales/hy/messages.json"},{"block_hashes":["4WMl0aZB73Qh8rr81kM9U1Q8idSY3ZZBmwPLpgucfWA="],"block_size":4096,"path":"_locales/is/messages.json"},{"block_hashes":["u7gcMvSCujIWybEYnHDO85yowhga81OP+ge0xq1S8Go="],"block_size":4096,"path":"_locales/iw/messages.json"},{"block_hashes":["MImLv1G91Y2zl/94DwYeM0MaOO9c/CiLUXfs92s5nyY="],"block_size":4096,"path":"_locales/ka/messages.json"},{"block_hashes":["VI3GyW4xoWzjVdxVxkgzsI7z+6i/MxSQMbSmhZWeOvQ="],"block_size":4096,"path":"_locales/kk/messages.json"},{"block_hashes":["phGPCg3jKeB8AfU81vtP7UPlTF9T20zRx/WytNn7EOY="],"block_size":4096,"path":"_locales/km/messages.json"},{"block_hashes":["iQgvsFIpgmvCIvXSLBWCNfAl8ObfZ/8TWhi9iZ4Tu48="],"block_size":4096,"path":"_locales/lo/messages.json"},{"block_hashes":["YT2HUfbMnT+jGfS36osr077Tf9B3SCyoJZKd18Eqaag="],"block_size":4096,"path":"_locales/mn/messages.json"},{"block_hashes":["JDvvvWtnohQz3Ml9wacoiW06Bw3CAFXrBNZE4buVX+c="],"block_size":4096,"path":"_locales/my/messages.json"},{"block_hashes":["s+HGRYr0i5xQgEp2p+belX6TNgh3nF8eihdmYjvR8d8="],"block_size":4096,"path":"_locales/ne/messages.json"},{"block_hashes":["lMKAtddlshszs3A+5EhRfTuaSnmdsf/uMNSSbcQAO9o="],"block_size":4096,"path":"_locales/pa/messages.json"},{"block_hashes":["VCQevmUag0QjXMR6/SdMCAq668jDolr7ldg3O2pWcKI="],"block_size":4096,"path":"_locales/si/messages.json"},{"block_hashes":["UEVJBXpqGCpATDYRLSRQhkpstFdM0Oj0NcpVb6xSqwo="],"block_size":4096,"path":"_locales/ur/messages.json"},{"block_hashes":["MPRM+tBS1z2G0S+iDPwRFWOjsuRSO0P31m2TS6jazpE="],"block_size":4096,"path":"_locales/zh_HK/messages.json"},{"block_hashes":["7Hjd1MzzK1127HAaIBZ8P70UbXmlBeT7BCH8Hlz0qmM="],"block_size":4096,"path":"_locales/zu/messages.json"},{"block_hashes":["bGnOD+b6sU8ZkKMg1wT+42LBdcAOtskiSqb0EQiRjKY="],"block_size":4096,"path":"dasherSettingSchema.json"},{"block_hashes":["6eAGYfU3SdA+2KfWuTziD0qO0/nIBQ0/UcOKbX9DoAg=","U88NXpBT4M6Ob1V1lQAS/J5/3bPeLM3Jt4FjN/7RfL4=","/76IhxSETlFNEXvJqMsyLeDxIPvxKgleTrzE48oQj5g=","zc3QT4VAZ3+3d4Wg5PZYTIHK5XyLPrytMg5ivzkod4Y=","1yJF9MOclIKV2gQuImmkhirFv4Midr2tqZjrp7xhBdM=","2+k4RPtNPkVFgPFmkr5AxkOCRrkX1FLut9JugIs+vqI=","7/K0lCIFQ7rZ37pnsMONLtKftjbEzretbsxtve0FbMI=","i7o2RdYCJFrDK4GZfICDU1dWDicd8b8N/LpqCXjh8EY=","UeGuZ+b9xIvz9+wynezjgqvcFxZjc70gCxQmvE5KhHI=","X7b0gkBvhfU2VqmvXGpKHFpq9zSIXeu4pOxhMOVsg6Q=","Mw5StLzYsUbpq8HaUuAONyqmjt4Ae6W/m6bIQcmL0r0=","9e3YSQHBj2ZpMMhkjRDwkq6oAXViHhLpMCn70xNS73w=","y2ZLyiq+MVpq9oCM28p8+55EauNfKSBk5KTjvjzUr28=","GnJmoLCfxT+AFid+cl/vfHVnR2c/EfmEv6Wjw3NpdRw=","d/rQQcKlePK/UgArVeyBMk7q3RTQYy75F4gHQRqm038=","ejC9EPf0GMuXiH1NuLsoDZsXfrNi3dg4QgdhSbOi0u0="],"block_size":4096,"path":"eventpage_bin_prod.js"},{"block_hashes":["Chu2eotDZpBoMtECmMQtHVdOGCNlPAHmODbUhqNSngk="],"block_size":4096,"path":"page_embed_script.js"}],"version":2}